{"cameraMode":{"drawMode":0,"name":"Shaded","section":"Shading Mode"},"sceneLighting":false,"audioPlay":false,"sceneViewState":{"m_AlwaysRefresh":false,"showFog":true,"showSkybox":false,"showFlares":true,"showImageEffects":true,"showParticleSystems":true,"showVisualEffectGraphs":true,"m_FxEnabled":true},"in2DMode":false,"pivot":{"x":-0.7625799179077148,"y":1.4435254335403443,"z":-4.0545759201049809},"rotation":{"x":0.13065363466739655,"y":-0.13724857568740846,"z":0.01826608180999756,"w":0.98171466588974},"size":18.146236419677736,"orthographic":false}