{"cameraMode":{"drawMode":0,"name":"Shaded","section":"Shading Mode"},"sceneLighting":true,"audioPlay":false,"sceneViewState":{"m_AlwaysRefresh":false,"showFog":true,"showSkybox":true,"showFlares":true,"showImageEffects":true,"showParticleSystems":true,"showVisualEffectGraphs":true,"m_FxEnabled":true},"in2DMode":false,"pivot":{"x":523.64306640625,"y":428.92462158203127,"z":-230.83547973632813},"rotation":{"x":0.012010036036372185,"y":-0.0006044321926310658,"z":0.000012957651961187366,"w":0.9999390244483948},"size":374.1424560546875,"orthographic":false}